"seconds_passed","temp"
0,3.23
1,3.2
2,3.13
3,3.3
4,3.15
5,3.27
6,3.28
6,3.08
7,3.19
8,3.2
9,3.28
10,3.22
11,3.3
11,3.23
12,3.2
13,3.18
14,3.22
15,3.24
16,3.25
16,3.29
17,3.29
18,3.15
19,3.14
20,3.25
21,3.19
21,3.22
22,3.07
23,3.12
24,3.23
25,3.25
26,3.23
26,3.11
27,3.21
28,3.23
29,3.13
30,3.22
30,3.22
31,3.07
32,3.35
33,3.28
34,3.28
35,3.12
35,3.16
36,3.3
37,3.25
38,3.52
39,3.34
40,3.27
40,3.23
41,3.2
42,3.15
43,3.23
44,3.13
45,3.13
45,3.12
46,3.24
47,3.27
48,3.22
49,3.21
50,3.02
50,3.03
51,3.22
52,3.24
53,3.26
54,3.18
55,3.24
55,3.08
56,3.29
57,3.18
58,3.27
59,3.15
59,3.18
100,3.4
101,3.1
102,3.14
103,3.27
104,3.33
104,3.08
105,3.39
106,3.04
107,3.23
108,3.23
109,3.05
109,3.26
110,3.07
111,3.17
112,3.28
113,3.23
114,3.16
114,3.12
115,3.04
116,3.25
117,3.28
118,3.12
119,3.3
119,3.17
120,3.26
121,3.33
122,3.14
123,3.2
123,3.36
124,3.27
125,3.28
126,3.19
127,3.21
128,3.23
128,3.17
129,3.25
130,3.28
131,3.25
132,3.22
133,3.2
133,3.19
134,3.18
135,3.16
136,3.17
137,3.27
138,3.1
138,3.28
139,3.21
140,3.22
141,3.27
142,3.22
143,3.26
143,3.17
144,3.24
145,3.19
146,3.19
147,3.27
148,3.4
148,3.27
149,3.27
150,3.22
151,3.17
152,3.19
152,3.28
153,3.24
154,3.2
155,3.2
156,3.25
157,3.21
157,3.17
158,3.19
159,3.04
200,3.16
201,3.25
202,3.23
202,3.27
203,3.2
204,3.24
205,3.14
206,3.24
207,3.23
207,3.2
208,3.15
209,3.11
210,3.24
211,3.15
212,3.18
212,3.32
213,3.25
214,3.05
215,3.14
216,3.11
217,3.39
217,3.2
218,3.31
219,3.4
220,3.34
221,3.22
221,3.17
222,3.21
223,3.15
224,3.13
225,3.16
226,3.21
226,3.21
227,3.43
228,3.09
229,3.34
230,3.15
231,3.22
231,3.26
232,3.55
233,3.33
234,3.05
235,3.27
236,3.02
236,3.19
237,3.27
238,3.12
239,3.11
240,3.11
241,3.23
241,3.09
242,3.22
243,3.02
244,3.48
245,3.16
245,3.18
246,3.28
247,3.1
248,3.12
249,3.26
250,3.26
250,3.16
251,3.02
252,3.22
253,3.36
254,3.36
255,3.34
255,3.3
256,3.43
257,3.17
258,3.25
259,3.38
300,3.29
300,3.15
301,3.22
302,3.24
303,3.24
304,3.12
305,3.34
305,3.26
306,3.34
307,3.28
308,3.37
309,3.25
310,3.23
310,3.36
311,3.18
312,3.39
313,3.29
314,3.22
314,3.27
315,3.1
316,3.18
317,3.09
318,3.23
319,3.22
319,3.11
320,3.13
321,3.25
322,3.21
323,3.36
324,3.2
324,3.27
325,3.16
326,3.36
327,3.47
328,3.13
329,3.32
329,3.16
330,3.34
331,3.56
332,3.15
333,3.15
334,3.22
334,3.19
335,3.37
336,2.94
337,3.24
338,3.22
338,3.3
339,3.15
340,3.23
341,3.23
342,3.28
343,3.25
343,3.35
344,3.22
345,3.15
346,3.18
347,3.34
348,3.15
348,3.25
349,3.2
350,3.3
351,3.42
352,3.21
353,3.12
353,3.29
354,3.29
355,3.27
356,3.42
357,3.07
358,3.35
358,3.18
359,3.23
400,3.32
401,3.37
402,3.26
403,3.2
403,3.12
404,3.04
405,3.3
406,3.23
407,3.29
407,3.26
408,3.26
409,3.41
410,3.33
411,3.38
412,3.05
412,3.28
413,3.29
414,3.33
415,3.34
416,3.13
417,3.2
417,3.27
418,3.26
419,3.27
420,3.26
421,3.41
422,3.12
422,3.14
423,3.26
424,3.33
425,3.28
426,3.26
427,3.35
427,3.27
428,3.12
429,3.39
430,3.31
431,3.31
431,3.17
432,3.38
433,3.28
434,3.31
435,3.37
436,3.39
436,3.28
437,3.3
438,3.28
439,3.29
440,3.26
441,2.92
441,3.34
442,3.22
443,3.32
444,3.24
445,3.24
446,3.25
446,3.38
447,3.27
448,3.2
449,3.28
450,3.19
451,3.22
451,3.13
452,3.25
453,3.18
454,3.37
455,3.37
456,3.18
456,3.24
457,3.22
458,3.46
459,3.51
500,3.45
500,3.06
501,3.45
502,3.28
503,3.25
504,3.18
505,3.39
505,3.35
506,3.21
507,3.01
508,3.29
509,3.29
510,3.39
510,3.04
511,3.25
512,3.21
513,3.25
514,3.45
515,3.42
515,3.03
516,3.26
517,3.4
518,3.35
519,3.17
520,3.23
520,3.44
521,3.66
522,3.58
523,3.52
524,3.2
525,3.01
525,3.2
526,3.22
527,3.44
528,3.31
529,3.23
529,3.08
530,3.28
531,3.35
532,3.31
533,2.96
534,3.24
534,3.3
535,3.22
536,3.23
537,3.15
538,3.4
539,3.27
539,3.14
540,3.09
541,3.34
542,3.3
543,3.24
544,3.32
544,3.18
545,3.38
546,3.37
547,3.23
548,3.26
549,3.25
549,3.48
550,3.31
551,3.34
552,3.18
553,3.2
553,3.34
554,3.27
555,3.42
556,3.18
557,3.17
558,3.34
558,3.11
559,3.3
600,3.22
601,3.27
602,3.44
603,3.2
603,3.21
604,3.32
605,3.27
606,3.13
607,3.32
608,3.2
608,3.21
609,3.51
610,3.38
611,3.16
612,3.24
613,3.46
613,3.26
614,3.3
615,3.27
616,3.3
617,3.3
618,3.25
618,3.16
619,3.23
620,3.52
621,3.22
622,3.36
622,3.23
623,3.34
624,3.22
625,3.33
626,3.3
627,3.32
627,3.04
628,3.38
629,3.17
630,3.25
631,3.26
632,3.38
632,3.34
633,3.28
634,3.4
635,3.34
636,3.31
637,3.16
637,3.25
638,3.24
639,3.33
640,3.14
641,3.28
642,3.39
642,3.2
643,3.3
644,3.25
645,3.34
646,3.15
647,3.26
647,3.34
648,3.19
649,3.45
650,3.24
651,3.26
651,3.22
652,3.45
653,3.33
654,3.19
655,3.24
656,3.43
656,3.2
657,3.14
658,3.11
659,3.4
700,3.25
701,3.21
701,3.15
702,3.33
703,3.36
704,3.53
705,3.14
706,3.49
706,3.34
707,3.26
708,3.28
709,3.31
710,3.38
711,3.35
711,3.26
712,3.53
713,3.24
714,3.48
715,3.32
715,3.15
716,3.26
717,3.3
718,3.43
719,3.13
720,3.24
720,3.34
721,3.22
722,3.33
723,3.42
724,3.35
725,3.44
725,3.04
726,3.15
727,3.47
728,3.41
729,3.36
730,3.28
730,3.09
731,3.21
732,3.51
733,3.4
734,3.24
735,3.32
735,3.4
736,3.15
737,3.25
738,3.27
739,3.11
739,3.31
740,3.31
741,3.3
742,3.29
743,3.18
744,3.51
744,3.29
745,3.44
746,3.19
747,3.34
748,3.33
749,3.31
749,3.28
750,3.21
751,3.23
752,3.36
753,3.3
754,3.23
754,3.43
755,3.42
756,3.34
757,3.14
758,3.26
759,3.57
759,3.44
800,3.4
801,3.12
802,3.23
803,3.3
804,3.42
804,3.43
805,3.37
806,3.3
807,3.32
808,3.41
808,3.23
809,3.32
810,3.36
811,3.38
812,3.43
813,3.29
813,3.57
814,3.43
815,3.14
816,3.17
817,3.3
818,3.37
818,3.34
819,3.17
820,3.13
821,3.07
822,3.28
823,3.4
823,3.28
824,3.3
825,3.4
826,3.4
827,3.36
828,3.31
828,3.43
829,3.31
830,3.19
831,3.44
832,3.33
833,3.2
833,3.28
834,3.33
835,3.23
836,3.25
837,3.19
837,3.32
838,3.32
839,3.42
840,3.15
841,3.34
842,3.36
842,3.42
843,3.21
844,3.42
845,3.2
846,3.27
847,3.31
847,3.48
848,3.36
849,3.33
850,3.14
851,3.26
852,3.37
852,3.32
853,3.48
854,3.25
855,3.15
856,3.33
857,3.36
857,3.15
858,3.19
859,3.15
900,3.17
901,3.28
901,3.45
902,3.17
903,3.27
904,3.33
905,3.3
906,3.31
906,3.52
907,3.31
908,3.45
909,3.23
910,3.43
911,3.13
911,3.4
912,3.39
913,3.29
914,3.41
915,3.18
916,3.22
916,3.1
917,3.29
918,3.36
919,3.33
920,3.35
921,3.31
921,3.43
922,3.33
923,3.2
924,3.33
925,3.3
926,3.44
926,3.19
927,3.17
928,3.38
929,3.62
930,3.2
930,3.27
931,3.4
932,3.23
933,3.59
934,3.36
935,3.34
935,3.22
936,3.19
937,3.32
938,3.3
939,3.27
940,3.41
940,3.36
941,3.29
942,3.45
943,3.22
944,3.25
945,3.28
945,3.36
946,3.15
947,3.16
948,3.29
949,3.31
950,3.44
950,3.33
951,3.15
952,3.54
953,3.54
954,3.46
954,3.56
955,3.34
956,3.33
957,3.16
958,3.3
959,3.34
959,3.29
1000,3.14
1001,3.61
1002,3.36
1003,3.4
1004,3.36
1004,3.43
1005,3.35
1006,3.47
1007,3.47
1008,3.38
1009,3.18
1009,3.32
1010,3.18
1011,3.42
1012,3.38
1013,3.22
1014,3.22
1014,3.38
1015,3.37
1016,3.25
1017,3.4
1018,3.33
1019,3.21
1019,3.41
1020,3.48
1021,3.24
1022,3.36
1023,3.33
1023,3.19
1024,3.37
1025,3.37
1026,3.36
1027,3.23
1028,3.41
1028,3.34
1029,3.44
1030,3.56
1031,3.31
1032,3.41
1033,3.43
1033,3.44
1034,3.53
1035,3.39
1036,3.33
1037,3.14
1038,3.41
1038,3.47
1039,3.45
1040,3.5
1041,3.24
1042,3.39
1043,3.32
1043,3.37
1044,3.3
1045,3.31
1046,3.49
1047,3.46
1047,3.48
1048,3.56
1049,3.45
1050,3.33
1051,3.34
1052,3.39
1052,3.56
1053,3.2
1054,3.3
1055,3.26
1056,3.46
1057,3.24
1057,3.3
1058,3.36
1059,3.22
1100,3.44
1101,3.52
1102,3.33
1102,3.33
1103,3.37
1104,3.32
1105,3.27
1106,3.5
1107,3.27
1107,3.26
1108,3.15
1109,3.53
1110,3.3
1111,3.3
1112,3.2
1112,3.3
1113,3.46
1114,3.4
1115,3.33
1116,3.41
1116,3.54
1117,3.54
1118,3.26
1119,3.33
1120,3.49
1121,3.38
1121,3.42
1122,3.13
1123,3.26
1124,3.55
1125,3.28
1126,3.26
1126,3.4
1127,3.42
1128,3.36
1129,3.39
1130,3.47
1131,3.41
1131,3.53
1132,3.16
1133,3.36
1134,3.39
1135,3.41
1136,3.51
1136,3.5
1137,3.3
1138,3.34
1139,3.42
1140,3.61
1140,3.47
1141,3.58
1142,3.4
1143,3.21
1144,3.48
1145,3.41
1145,3.34
1146,3.28
1147,3.44
1148,3.31
1149,3.44
1150,3.34
1150,3.34
1151,3.21
1152,3.36
1153,3.23
1154,3.37
1155,3.33
1155,3.31
1156,3.44
1157,3.45
1158,3.33
1159,3.29
1200,3.51
1200,3.29
1201,3.2
1202,3.36
1203,3.1
1204,3.33
1205,3.33
1205,3.38
1206,3.22
1207,3.46
1208,3.26
1209,3.28
1209,3.43
1210,3.37
1211,3.29
1212,3.23
1213,3.44
1214,3.21
1214,3.31
1215,3.55
1216,3.3
1217,3.62
1218,3.32
1219,3.26
1219,3.43
1220,3.4
1221,3.31
1222,3.36
1223,3.41
1224,3.6
1224,3.46
1225,3.31
1226,3.44
1227,3.44
1228,3.44
1229,3.41
1229,3.4
1230,3.29
1231,3.22
1232,3.42
1233,3.42
1233,3.16
1234,3.37
1235,3.26
1236,3.38
1237,3.42
1238,3.21
1238,3.04
1239,3.31
1240,3.46
1241,3.34
1242,3.44
1243,3.3
1243,3.37
1244,3.46
1245,3.32
1246,3.56
1247,3.29
1248,3.36
1248,3.3
1249,3.37
1250,3.39
1251,3.44
1252,3.12
1253,3.35
1253,3.43
1254,3.4
1255,3.34
1256,3.39
1257,3.37
1258,3.41
1258,3.43
1259,3.42
1300,3.27
1301,3.38
1302,3.37
1302,3.44
1303,3.43
1304,3.39
1305,3.34
1306,3.37
1307,3.34
1307,3.28
1308,3.4
1309,3.48
1310,3.45
1311,3.33
1312,3.4
1312,3.39
1313,3.41
1314,3.5
1315,3.21
1316,3.54
1317,3.4
1317,3.3
1318,3.44
1319,3.37
1320,3.33
1321,3.32
1322,3.35
1322,3.3
1323,3.25
1324,3.54
1325,3.27
1326,3.44
1326,3.57
1327,3.43
1328,3.55
1329,3.26
1330,3.31
1331,3.34
1331,3.43
1332,3.36
1333,3.41
1334,3.25
1335,3.52
1336,3.5
1336,3.43
1337,3.48
1338,3.5
1339,3.48
1340,3.27
1341,3.31
1341,3.6
1342,3.51
1343,3.31
1344,3.47
1345,3.67
1346,3.46
1346,3.52
1347,3.38
1348,3.44
1349,3.4
1350,3.43
1351,3.44
1351,3.28
1352,3.54
1353,3.19
1354,3.35
1355,3.25
1355,3.31
1356,3.38
1357,3.36
1358,3.36
1359,3.41
1400,3.38
1400,3.12
1401,3.38
1402,3.44
1403,3.48
1404,3.29
1405,3.47
1405,3.44
1406,3.33
1407,3.43
1408,3.43
1409,3.5
1410,3.37
1410,3.5
1411,3.45
1412,3.55
1413,3.48
1414,3.56
1415,3.39
1415,3.52
1416,3.36
1417,3.34
1418,3.4
1419,3.44
1420,3.45
1420,3.49
1421,3.47
1422,3.59
1423,3.5
1424,3.21
1424,3.65
1425,3.49
1426,3.44
1427,3.46
1428,3.34
1429,3.37
1429,3.36
1430,3.32
1431,3.49
1432,3.5
1433,3.38
1434,3.37
1434,3.29
1435,3.34
1436,3.55
1437,3.29
1438,3.15
1439,3.42
1439,3.72
1440,3.42
1441,3.47
1442,3.29
1443,3.38
1444,3.27
1444,3.54
1445,3.31
1446,3.61
1447,3.34
1448,3.3
1448,3.58
1449,3.39
1450,3.36
1451,3.4
1452,3.3
1453,3.19
1453,3.3
1454,3.46
1455,3.37
1456,3.52
1457,3.55
1458,3.46
1458,3.3
1459,3.5
1500,3.41
1501,3.24
1502,3.16
1503,3.36
1503,3.22
1504,3.21
1505,3.53
1506,3.56
1507,3.36
1508,3.33
1508,3.45
1509,3.48
1510,3.5
1511,3.43
1512,3.46
1513,3.26
1513,3.47
1514,3.49
1515,3.5
1516,3.67
1517,3.37
1517,3.48
1518,3.37
1519,3.51
1520,3.34
1521,3.21
1522,3.64
1522,3.29
1523,3.61
1524,3.37
1525,3.39
1526,3.37
1527,3.5
1527,3.43
1528,3.29
1529,3.35
1530,3.28
1531,3.4
1532,3.52
1532,3.61
1533,3.41
1534,3.42
1535,3.23
1536,3.54
1537,3.4
1537,3.71
1538,3.31
1539,3.35
1540,3.24
1541,3.47
1541,3.48
1542,3.3
1543,3.56
1544,3.36
1545,3.37
1546,3.39
1546,3.54
1547,3.48
1548,3.36
1549,3.56
1550,3.34
1551,3.36
1551,3.45
1552,3.44
1553,3.31
1554,3.34
1555,3.51
1556,3.41
1556,3.5
1557,3.38
1558,3.38
1559,3.4
1600,3.58
1601,3.41
1601,3.35
1602,3.32
1603,3.41
1604,3.45
1605,3.39
1606,3.27
1606,3.2
1607,3.42
1608,3.4
1609,3.35
1610,3.5
1610,3.38
1611,3.56
1612,3.45
1613,3.23
1614,3.42
1615,3.55
1615,3.59
1616,3.35
1617,3.39
1618,3.51
1619,3.21
1620,3.57
1620,3.13
1621,3.58
1622,3.44
1623,3.39
1624,3.64
1625,3.43
1625,3.46
1626,3.62
1627,3.43
1628,3.42
1629,3.61
1630,3.46
1630,3.58
1631,3.6
1632,3.59
1633,3.21
1634,3.38
1635,3.38
1635,3.67
1636,3.47
1637,3.6
1638,3.54
1639,3.28
1639,3.52
1640,3.41
1641,3.23
1642,3.36
1643,3.38
1644,3.56
1644,3.33
1645,3.39
1646,3.45
1647,3.28
1648,3.44
1649,3.59
1649,3.49
1650,3.44
1651,3.38
1652,3.26
1653,3.51
1654,3.54
1654,3.55
1655,3.34
1656,3.64
1657,3.53
1658,3.43
1659,3.13
1659,3.29
1700,3.37
1701,3.57
1702,3.42
1703,3.33
1703,3.37
1704,3.45
1705,3.32
1706,3.43
1707,3.61
1708,3.56
1708,3.45
1709,3.53
1710,3.55
1711,3.34
1712,3.28
1713,3.38
1713,3.39
1714,3.55
1715,3.36
1716,3.55
1717,3.55
1718,3.53
1718,3.4
1719,3.47
1720,3.61
1721,3.55
1722,3.39
1723,3.38
1723,3.6
1724,3.63
1725,3.56
1726,3.71
1727,3.61
1728,3.5
1728,3.54
1729,3.33
1730,3.43
1731,3.57
1732,3.5
1732,3.53
1733,3.28
1734,3.52
1735,3.47
1736,3.48
1737,3.39
1737,3.68
1738,3.45
1739,3.26
1740,3.48
1741,3.19
1742,3.64
1742,3.39
1743,3.24
1744,3.6
1745,3.54
1746,3.61
1747,3.64
1747,3.43
1748,3.35
1749,3.48
1750,3.29
1751,3.44
1752,3.36
1752,3.48
1753,3.23
1754,3.64
1755,3.34
1756,3.57
1756,3.42
1757,3.36
1758,3.3
1759,3.72
1800,3.38
1801,3.73
1801,3.58
1802,3.36
1803,3.63
1804,3.31
1805,3.31
1806,3.3
1806,3.35
1807,3.37
1808,3.33
1809,3.66
1810,3.54
1811,3.38
1811,3.28
1812,3.3
1813,3.53
1814,3.42
1815,3.32
1816,3.47
1816,3.42
1817,3.4
1818,3.41
1819,3.28
1820,3.75
1821,3.28
1821,3.28
1822,3.51
1823,3.65
1824,3.34
1825,3.31
1825,3.46
1826,3.43
1827,3.35
1828,3.6
1829,3.63
1830,3.53
1830,3.56
1831,3.45
1832,3.35
1833,3.71
1834,3.52
1835,3.61
1835,3.49
1836,3.37
1837,3.59
1838,3.59
1839,3.6
1840,3.23
1840,3.49
1841,3.37
1842,3.32
1843,3.48
1844,3.51
1845,3.52
1845,3.54
1846,3.4
1847,3.36
1848,3.47
1849,3.38
1849,3.48
1850,3.32
1851,3.47
1852,3.7
1853,3.5
1854,3.44
1854,3.5
1855,3.4
1856,3.47
1857,3.41
1858,3.29
1859,3.53
1859,3.52
1900,3.34
1901,3.31
1902,3.75
1903,3.66
1904,3.42
1904,3.56
1905,3.35
1906,3.32
1907,3.5
1908,3.28
1909,3.68
1909,3.54
1910,3.56
1911,3.39
1912,3.39
1913,3.49
1914,3.41
1914,3.34
1915,3.52
1916,3.45
1917,3.52
1918,3.54
1918,3.4
1919,3.4
1920,3.63
1921,3.52
1922,3.55
1923,3.39
1923,3.35
1924,3.34
1925,3.82
1926,3.38
1927,3.27
1928,3.52
1928,3.53
1929,3.43
1930,3.56
1931,3.32
1932,3.46
1933,3.41
1933,3.55
1934,3.51
1935,3.4
1936,3.51
1937,3.31
1938,3.3
1938,3.31
1939,3.32
1940,3.44
1941,3.62
1942,3.58
1943,3.48
1943,3.53
1944,3.42
1945,3.17
1946,3.35
1947,3.53
1947,3.57
1948,3.44
1949,3.57
1950,3.48
1951,3.55
1952,3.49
1952,3.42
1953,3.58
1954,3.69
1955,3.44
1956,3.63
1957,3.33
1957,3.57
1958,3.23
1959,3.57
2000,3.28
2001,3.66
2002,3.57
2002,3.34
2003,3.6
2004,3.28
2005,3.62
2006,3.66
2007,3.62
2007,3.41
2008,3.62
2009,3.44
2010,3.46
2011,3.36
2011,3.68
2012,3.52
2013,3.44
2014,3.44
2015,3.33
2016,3.46
2016,3.6
2017,3.43
2018,3.74
2019,3.29
2020,3.26
2021,3.49
2021,3.4
2022,3.56
2023,3.28
2024,3.31
2025,3.66
2026,3.65
2026,3.58
2027,3.49
2028,3.26
2029,3.37
2030,3.32
2031,3.37
2031,3.61
2032,3.52
2033,3.47
2034,3.37
2035,3.47
2036,3.34
2036,3.5
2037,3.63
2038,3.33
2039,3.42
2040,3.53
2040,3.55
2041,3.41
2042,3.57
2043,3.58
2044,3.41
2045,3.52
2045,3.5
2046,3.58
2047,3.34
2048,3.4
2049,3.47
2050,3.39
2050,3.56
2051,3.3
2052,3.3
2053,3.61
2054,3.41
2055,3.44
2055,3.42
2056,3.39
2057,3.52
2058,3.44
2059,3.52
2100,3.47
2100,3.41
2101,3.48
2102,3.61
2103,3.54
2104,3.48
2105,3.43
2105,3.43
2106,3.57
2107,3.52
2108,3.56
2109,3.41
2109,3.53
2110,3.51
2111,3.51
2112,3.36
2113,3.74
2114,3.72
2114,3.64
2115,3.56
2116,3.53
2117,3.6
2118,3.45
2119,3.59
2119,3.52
2120,3.56
2121,3.41
2122,3.66
2123,3.29
2124,3.66
2124,3.66
2125,3.37
2126,3.44
2127,3.38
2128,3.59
2129,3.58
2129,3.47
2130,3.69
2131,3.22
2132,3.5
2133,3.44
2133,3.7
2134,3.72
2135,3.64
2136,3.46
2137,3.3
2138,3.58
2138,3.47
2139,3.54
2140,3.53
2141,3.5
2142,3.44
2143,3.44
2143,3.47
2144,3.52
2145,3.54
2146,3.51
2147,3.57
2148,3.64
2148,3.41
2149,3.39
2150,3.38
2151,3.52
2152,3.53
2153,3.35
2153,3.51
2154,3.51
2155,3.51
2156,3.41
2157,3.6
2158,3.4
2158,3.49
2159,3.3
2200,3.61
2201,3.5
2202,3.54
2202,3.71
2203,3.52
2204,3.36
2205,3.44
2206,3.48
2207,3.49
2207,3.59
2208,3.51
2209,3.53
2210,3.52
2211,3.54
2212,3.62
2212,3.46
2213,3.55
2214,3.43
2215,3.54
2216,3.48
2217,3.75
2217,3.72
2218,3.4
2219,3.51
2220,3.53
2221,3.46
2222,3.5
2222,3.49
2223,3.62
2224,3.45
2225,3.76
2226,3.42
2226,3.43
2227,3.53
2228,3.55
2229,3.52
2230,3.45
2231,3.48
2231,3.56
2232,3.59
2233,3.54
2234,3.55
2235,3.57
2236,3.46
2236,3.34
2237,3.37
2238,3.56
2239,3.37
2240,3.46
2241,3.57
2241,3.54
2242,3.45
2243,3.52
2244,3.56
2245,3.61
2246,3.52
2246,3.51
2247,3.28
2248,3.44
2249,3.46
2250,3.45
2251,3.41
2251,3.47
2252,3.37
2253,3.74
2254,3.71
2255,3.57
2255,3.37
2256,3.61
2257,3.54
2258,3.41
2259,3.43
2300,3.61
2300,3.54
2301,3.52
2302,3.65
2303,3.61
2304,3.6
2305,3.39
2305,3.63
2306,3.61
2307,3.55
2308,3.54
2309,3.47
2310,3.51
2310,3.32
2311,3.47
2312,3.59
2313,3.52
2314,3.47
2315,3.5
2315,3.59
2316,3.59
2317,3.54
2318,3.52
2319,3.5
2319,3.39
2320,3.61
2321,3.51
2322,3.37
2323,3.46
2324,3.35
2324,3.54
2325,3.51
2326,3.73
2327,3.55
2328,3.6
2329,3.41
2329,3.61
2330,3.63
2331,3.44
2332,3.6
2333,3.47
2334,3.44
2334,3.54
2335,3.5
2336,3.67
2337,3.38
2338,3.53
2339,3.65
2339,3.6
2340,3.45
2341,3.55
2342,3.63
2343,3.43
2344,3.63
2344,3.47
2345,3.63
2346,3.55
2347,3.48
2348,3.35
2348,3.43
2349,3.51
2350,3.52
2351,3.58
2352,3.53
2353,3.51
2353,3.61
2354,3.46
2355,3.52
2356,3.54
2357,3.72
2358,3.6
2358,3.58
2359,3.47
2400,3.5
2401,3.46
2402,3.52
2403,3.6
2403,3.46
2404,3.48
2405,3.61
2406,3.51
2407,3.55
2408,3.45
2408,3.47
2409,3.52
2410,3.54
2411,3.55
2412,3.48
2412,3.64
2413,3.47
2414,3.65
2415,3.2
2416,3.5
2417,3.6
2417,3.59
2418,3.48
2419,3.56
2420,3.5
2421,3.53
2422,3.53
2422,3.6
2423,3.56
2424,3.58
2425,3.55
2426,3.54
2427,3.38
2427,3.45
2428,3.5
2429,3.62
2430,3.5
2431,3.49
2432,3.43
2432,3.54
2433,3.56
2434,3.59
2435,3.7
2436,3.52
2437,3.54
2437,3.6
2438,3.52
2439,3.56
2440,3.5
2441,3.53
2441,3.42
2442,3.47
2443,3.53
2444,3.61
2445,3.58
2446,3.43
2446,3.36
2447,3.58
2448,3.54
2449,3.59
2450,3.5
2451,3.55
2451,3.51
2452,3.38
2453,3.56
2454,3.47
2455,3.38
2456,3.36
2456,3.6
2457,3.51
2458,3.62
2459,3.47
2500,3.6
2501,3.5
2501,3.5
2502,3.67
2503,3.53
2504,3.54
2505,3.55
2505,3.62
2506,3.45
2507,3.67
2508,3.46
2509,3.44
2510,3.53
2510,3.55
2511,3.51
2512,3.42
2513,3.51
2514,3.49
2515,3.58
2515,3.58
2516,3.52
2517,3.49
2518,3.61
2519,3.38
2520,3.5
2520,3.44
2521,3.44
2522,3.49
2523,3.56
2524,3.62
2525,3.69
2525,3.58
2526,3.55
2527,3.5
2528,3.58
2529,3.49
2530,3.4
2530,3.54
2531,3.59
2532,3.47
2533,3.54
2534,3.57
2534,3.54
2535,3.41
2536,3.59
2537,3.48
2538,3.64
2539,3.41
2539,3.53
2540,3.53
2541,3.59
2542,3.58
2543,3.48
2544,3.55
2544,3.47
2545,3.49
2546,3.6
2547,3.56
2548,3.58
2549,3.58
2549,3.48
2550,3.51
2551,3.8
2552,3.39
2553,3.53
2554,3.37
2554,3.47
2555,3.46
2556,3.63
2557,3.26
2558,3.57
2558,3.52
2559,3.43
2600,3.54
2601,3.46
2602,3.49
2603,3.5
2603,3.62
2604,3.42
2605,3.53
2606,3.45
2607,3.51
2608,3.42
2608,3.57
2609,3.59
2610,3.49
2611,3.48
2612,3.56
2613,3.47
2613,3.5
2614,3.57
2615,3.67
2616,3.55
2617,3.51
2618,3.77
2618,3.53
2619,3.38
2620,3.57
2621,3.51
2622,3.46
2623,3.5
2623,3.49
2624,3.63
2625,3.54
2626,3.47
2627,3.47
2627,3.35
2628,3.61
2629,3.41
2630,3.62
2631,3.48
2632,3.49
2632,3.78
2633,3.45
2634,3.62
2635,3.53
2636,3.65
2637,3.53
2637,3.45
2638,3.58
2639,3.4
2640,3.69
2641,3.37
2642,3.56
2642,3.62
2643,3.46
2644,3.63
2645,3.69
2646,3.48
2647,3.39
2647,3.37
2648,3.44
2649,3.64
2650,3.39
2651,3.58
2651,3.55
2652,3.68
2653,3.75
2654,3.46
2655,3.45
2656,3.42
2656,3.64
2657,3.52
2658,3.56
2659,3.63
2700,3.6
2701,3.5
2701,3.52
2702,3.66
2703,3.44
2704,3.46
2705,3.55
2706,3.59
2706,3.67
2707,3.5
2708,3.55
2709,3.48
2710,3.55
2711,3.49
2711,3.43
2712,3.41
2713,3.48
2714,3.56
2715,3.71
2716,3.62
2716,3.57
2717,3.54
2718,3.53
2719,3.55
2720,3.66
2720,3.41
2721,3.46
2722,3.44
2723,3.54
2724,3.62
2725,3.52
2725,3.51
2726,3.63
2727,3.64
2728,3.44
2729,3.46
2730,3.44
2730,3.54
2731,3.49
2732,3.48
2733,3.51
2734,3.46
2735,3.5
2735,3.57
2736,3.71
2737,3.46
2738,3.58
2739,3.32
2740,3.77
2740,3.53
2741,3.62
2742,3.58
2743,3.57
2744,3.49
2744,3.59
2745,3.42
2746,3.67
2747,3.5
2748,3.52
2749,3.44
2749,3.6
2750,3.49
2751,3.54
2752,3.41
2753,3.68
2754,3.58
2754,3.54
2755,3.66
2756,3.48
2757,3.63
2758,3.69
2759,3.58
2759,3.55
2800,3.65
2801,3.67
2802,3.47
2803,3.57
2804,3.72
2804,3.73
2805,3.61
2806,3.61
2807,3.59
2808,3.58
2809,3.53
2809,3.64
2810,3.51
2811,3.45
2812,3.66
2813,3.69
2813,3.48
2814,3.53
2815,3.58
2816,3.56
2817,3.63
2818,3.5
2818,3.62
2819,3.5
2820,3.53
2821,3.59
2822,3.73
2823,3.56
2823,3.44
2824,3.52
2825,3.56
2826,3.55
2827,3.62
2828,3.58
2828,3.65
2829,3.71
2830,3.7
2831,3.52
2832,3.67
2833,3.67
2833,3.73
2834,3.57
2835,3.56
2836,3.65
2837,3.53
2837,3.34
2838,3.54
2839,3.61
2840,3.7
2841,3.54
2842,3.78
2842,3.6
2843,3.64
2844,3.62
2845,3.46
2846,3.4
2847,3.73
2847,3.54
2848,3.42
2849,3.57
2850,3.67
2851,3.53
2852,3.61
2852,3.63
2853,3.5
2854,3.6
2855,3.7
2856,3.57
2857,3.68
2857,3.54
2858,3.52
2859,3.58
2900,3.56
2901,3.57
2902,3.72
2902,3.58
2903,3.61
2904,3.71
2905,3.64
2906,3.39
2906,3.68
2907,3.7
2908,3.67
2909,3.57
2910,3.5
2911,3.59
2911,3.63
2912,3.62
2913,3.63
2914,3.54
2915,3.55
2916,3.61
2916,3.69
2917,3.57
2918,3.63
2919,3.57
2920,3.6
2921,3.57
2921,3.66
2922,3.61
2923,3.57
2924,3.41
2925,3.61
2926,3.74
2926,3.54
2927,3.68
2928,3.72
2929,3.55
2930,3.7
2930,3.63
2931,3.48
2932,3.74
2933,3.67
2934,3.67
2935,3.59
2935,3.7
2936,3.52
2937,3.72
2938,3.63
2939,3.62
2940,3.7
2940,3.54
2941,3.5
2942,3.56
2943,3.66
2944,3.94
2945,3.53
2945,3.54
2946,3.46
2947,3.63
2948,3.65
2949,3.42
2950,3.68
2950,3.74
2951,3.61
2952,3.6
2953,3.42
2954,3.55
2955,3.57
2955,3.71
2956,3.69
2957,3.66
2958,3.57
2959,3.65
2959,3.57
3000,3.57
3001,3.67
3002,3.61
3003,3.7
3004,3.52
3004,3.59
3005,3.69
3006,3.62
3007,3.69
3008,3.64
3009,3.82
3009,3.66
3010,3.68
3011,3.65
3012,3.48
3013,3.72
3014,3.58
3014,3.75
3015,3.67
3016,3.61
3017,3.71
3018,3.43
3019,3.73
3019,3.53
3020,3.56
3021,3.62
3022,3.56
3023,3.49
3023,3.61
3024,3.62
3025,3.63
3026,3.74
3027,3.65
3028,3.53
3028,3.67
3029,3.69
3030,3.58
3031,3.76
3032,3.57
3033,3.73
3033,3.62
3034,3.7
3035,3.66
3036,3.66
3037,3.74
3038,3.6
3038,3.62
3039,3.63
3040,3.62
3041,3.57
3042,3.73
3043,3.58
3043,3.67
3044,3.58
3045,3.57
3046,3.58
3047,3.71
3048,3.73
3048,3.49
3049,3.64
3050,3.66
3051,3.53
3052,3.63
3052,3.64
3053,3.53
3054,3.6
3055,3.68
3056,3.67
3057,3.55
3057,3.55
3058,3.45
3059,3.46
3100,3.8
3101,3.67
3102,3.61
3102,3.6
3103,3.74
3104,3.61
3105,3.67
3106,3.76
3107,3.75
3107,3.57
3108,3.65
3109,3.68
3110,3.58
3111,3.61
3112,3.6
3112,3.61
3113,3.73
3114,3.55
3115,3.53
3116,3.66
3116,3.67
3117,3.61
3118,3.6
3119,3.67
3120,3.72
3121,3.59
3121,3.69
3122,3.62
3123,3.63
3124,3.7
3125,3.68
3126,3.61
3126,3.59
3127,3.63
3128,3.67
3129,3.59
3130,3.63
3131,3.67
3131,3.55
3132,3.68
3133,3.73
3134,3.73
3135,3.62
3136,3.6
3136,3.64
3137,3.57
3138,3.62
3139,3.67
3140,3.61
3141,3.59
3141,3.6
3142,3.61
3143,3.65
3144,3.81
3145,3.62
3145,3.52
3146,3.68
3147,3.61
3148,3.63
3149,3.63
3150,3.77
3150,3.7
3151,3.78
3152,3.58
3153,3.64
3154,3.54
3155,3.56
3155,3.7
3156,3.7
3157,3.6
3158,3.51
3159,3.68
3200,3.63
3200,3.76
3201,3.68
3202,3.67
3203,3.68
3204,3.63
3205,3.7
3205,3.64
3206,3.52
3207,3.5
3208,3.62
3209,3.47
3210,3.74
3210,3.66
3211,3.58
3212,3.72
3213,3.62
3214,3.56
3214,3.58
3215,3.71
3216,3.68
3217,3.64
3218,3.58
3219,3.6
3219,3.6
3220,3.65
3221,3.66
3222,3.61
3223,3.69
3224,3.71
3224,3.54
3225,3.6
3226,3.69
3227,3.7
3228,3.68
3229,3.61
3229,3.55
3230,3.59
3231,3.58
3232,3.72
3233,3.54
3234,3.61
3234,3.55
3235,3.74
3236,3.66
3237,3.75
3238,3.57
3238,3.67
3239,3.74
3240,3.72
3241,3.59
3242,3.64
3243,3.66
3243,3.83
3244,3.76
3245,3.76
3246,3.65
3247,3.52
3248,3.76
3248,3.74
3249,3.69
3250,3.77
3251,3.51
3252,3.72
3253,3.65
3253,3.76
3254,3.72
3255,3.66
3256,3.59
3257,3.65
3258,3.74
3258,3.66
3259,3.68
3300,3.69
3301,3.72
3302,3.74
3303,3.7
3303,3.65
3304,3.73
3305,3.7
3306,3.7
3307,3.71
3307,3.69
3308,3.82
3309,3.81
3310,3.66
3311,3.68
3312,3.81
3312,3.75
3313,3.8
3314,3.79
3315,3.71
3316,3.71
3317,3.62
3317,3.77
3318,3.78
3319,3.72
3320,3.69
3321,3.84
3322,3.65
3322,3.83
3323,3.66
3324,3.84
3325,3.62
3326,3.69
3327,3.72
3327,3.75
3328,3.7
3329,3.72
3330,3.67
3331,3.64
3331,3.8
3332,3.65
3333,3.78
3334,3.75
3335,3.84
3336,3.79
3336,3.82
3337,3.71
3338,3.67
3339,3.65
3340,3.61
3341,3.89
3341,3.67
3342,3.72
3343,3.74
3344,3.9
3345,3.77
3346,3.8
3346,3.56
3347,3.69
3348,3.78
3349,3.73
3350,3.74
3351,3.6
3351,3.76
3352,3.77
3353,3.7
3354,3.91
3355,3.76
3356,3.59
3356,3.64
3357,3.75
3358,3.73
3359,3.8
3400,3.77
3400,3.75
3401,3.81
3402,3.73
3403,3.68
3404,3.74
3405,3.75
3405,3.73
3406,3.68
3407,3.81
3408,3.6
3409,3.74
3410,3.71
3410,3.77
3411,3.68
3412,3.75
3413,3.74
3414,3.78
3415,3.65
3415,3.79
3416,3.78
3417,3.79
3418,3.71
3419,3.8
3420,3.78
3420,3.82
3421,3.64
3422,3.71
3423,3.75
3424,3.81
3425,3.73
3425,3.76
3426,3.82
3427,3.67
3428,3.85
3429,3.72
3429,3.64
3430,3.73
3431,3.58
3432,3.79
3433,3.82
3434,3.76
3434,3.66
3435,3.7
3436,3.67
3437,3.68
3438,3.67
3439,3.68
3439,3.78
3440,3.82
3441,3.65
3442,3.81
3443,3.74
3444,3.89
3444,3.75
3445,3.7
3446,3.73
3447,3.92
3448,3.77
3449,3.76
3449,3.67
3450,3.58
3451,3.82
3452,3.69
3453,3.68
3453,3.85
3454,3.85
3455,3.72
3456,3.86
3457,3.69
3458,3.61
3458,3.76
3459,3.64
3500,3.77
3501,3.65
3502,3.82
3503,3.85
3503,3.64
3504,3.77
3505,3.74
3506,3.64
3507,3.82
3508,3.69
3508,3.8
3509,3.93
3510,3.69
3511,3.65
3512,3.71
3513,3.67
3513,3.59
3514,3.8
3515,3.75
3516,3.7
3517,3.63
3518,3.84
3518,3.92
3519,3.71
3520,3.68
3521,3.66
3522,3.61
3522,3.73
3523,3.67
3524,3.62
3525,3.67
3526,3.79
3527,3.7
3527,3.68
3528,3.74
3529,3.73
3530,3.72
3531,3.77
3532,3.88
3532,3.76
3533,3.49
3534,3.73
3535,3.82
3536,3.65
3537,3.79
3537,3.67
3538,3.67
3539,3.82
3540,3.65
3541,3.64
3542,3.72
3542,3.72
3543,3.72
3544,3.75
3545,3.68
3546,3.76
3546,3.66
3547,3.64
3548,3.62
3549,3.66
3550,3.84
3551,3.64
3551,3.75
3552,3.61
3553,3.73
3554,3.76
3555,3.76
3556,3.7
3556,3.91
3557,3.66
3558,3.7
3559,3.85
3600,3.74
3601,3.81
3601,3.78
3602,3.71
3603,3.92
3604,3.78
3605,4
3606,3.63
3606,3.73
3607,3.92
3608,3.79
3609,3.64
3610,3.84
3611,3.77
3611,3.74
3612,3.76
3613,3.82
3614,3.88
3615,3.92
3615,3.78
3616,3.88
3617,3.86
3618,3.76
3619,3.86
3620,3.92
3620,68.05
3621,69.55
3622,101.55
3623,98.48
3624,99.7
3625,108.01
3625,117.42
3626,121.26
3627,125.45
3628,137.65
3629,150.05
3630,166.56
3630,181.4
3631,194.85
3632,206.28
3633,216.54
3634,226.23
3635,234.86
3635,242.68
3636,250.21
3637,256.75
3638,263.01
3639,269.29
3639,274.76
3640,279.5
3641,284.32
3642,288.6
3643,292.6
3644,296.53
3644,299.94
3645,303.6
3646,306.89
3647,309.95
3648,312.27
3649,314.28
3649,316.34
3650,318.04
3651,319.65
3652,320.92
3653,321.86
3654,322.56
3654,324.22
3655,325.22
3656,326.52
3657,327.41
3658,328.07
3659,329.37
3659,329.88
3700,330.5
3701,331.69
3702,332.04
3703,332.59
3704,333.19
3704,333.5
3705,334.38
3706,334.46
3707,334.51
3708,335
3708,335.43
3709,335.84
3710,335.93
3711,335.95
3712,336.38
3713,336.41
3713,336.68
3714,337.18
3715,337.01
3716,337.11
3717,337.59
3718,337.19
3718,337.3
3719,337.56
3720,337.8
3721,337.86
3722,338
3723,338.18
3723,338.16
3724,338.31
3725,338
3726,338.18
3727,338.31
3728,338.28
3728,338.53
3729,338.32
3730,338.44
3731,338.29
3732,338.61
3733,337.9
3733,338.49
3734,337.45
3735,337.95
3736,338.49
3737,338.25
3737,338.24
3738,338.21
3739,338.34
3740,338.35
3741,338.82
3742,338.54
3742,338.86
3743,339.04
3744,339.15
3745,339.33
3746,338.59
3747,338.98
3747,339.08
3748,338.85
3749,339.43
3750,339.21
3751,339.3
3752,339.47
3752,339.59
3753,339.24
3754,339.06
3755,339.86
3756,340.26
3757,340.68
3757,341.03
3758,341.33
3759,341.29
3800,341.32
3801,340.79
3801,341.14
3802,341.2
3803,340.74
3804,341.26
3805,341.71
3806,342.48
3806,342.52
3807,343.5
3808,343.29
3809,343.5
3810,343.59
3811,343.94
3811,343.89
3812,343.79
3813,344.54
3814,344.54
3815,344.89
3816,344.48
3816,343.44
3817,343.32
3818,344.34
3819,343.33
3820,343.14
3821,342.92
3821,342.48
3822,342.51
3823,342.37
3824,342.54
3825,342.3
3826,342.08
3826,342.12
3827,342.32
3828,342.13
3829,342.9
3830,343.67
3830,344.01
3831,343.98
3832,344.17
3833,343.18
3834,342.93
3835,342.87
3835,342.8
3836,343.24
3837,342.85
3838,342.25
3839,342.38
3840,342.52
3840,342.03
3841,341.71
3842,341.9
3843,343.42
3844,342.87
3845,343.11
3845,343.74
3846,344.53
3847,344.83
3848,345.58
3849,346
3850,345.73
3850,346.17
3851,345.52
3852,345.13
3853,346.27
3854,345.91
3854,345.53
3855,344.94
3856,344.57
3857,344.48
3858,344.2
3859,344.67
3859,344.48
3900,344.47
3901,345.06
3902,344.64
3903,346.96
3904,345.35
3904,345.31
3905,345.56
3906,345.43
3907,346.29
3908,347.13
3909,347.64
3909,347.96
3910,348.45
3911,348.46
3912,347.76
3913,348.91
3914,349.22
3914,349.12
3915,349.21
3916,349.01
3917,348.87
3918,350.24
3919,350.97
3919,350.58
3920,350.28
3921,350.36
3922,350.02
3923,350.41
3923,350.63
3924,350.86
3925,352.47
3926,353.6
3927,354.01
3928,370.49
3928,371.2
3929,368.73
3930,368.89
3931,370.21
3932,371.82
3933,373.11
3933,375.96
3934,377.64
3935,381.28
3936,386.05
3937,394.35
3938,394.88
3938,402.99
3939,450.08
3940,432.4
3941,439.24
3942,485.27
3943,554.08
3943,554.71
3944,564.4
3945,574.02
3946,589.96
3947,638.07
3947,653.01
3948,687.29
3949,695.29
3950,727.62
3951,734.86
3952,727.39
3952,708.9
3953,654.98
3954,603.03
3955,566.76
3956,534.5
3957,513.39
3957,491.64
3958,470.31
3959,454.28
4000,438.97
4001,427.16
4002,415.67
4002,402.83
4003,391.45
4004,376.97
4005,363.26
4006,355.16
4007,346.37
4007,334.3
4008,322.61
4009,308.69
4010,299.92
4011,288.09
4012,279.21
4012,270.48
4013,262.97
4014,255.85
4015,247.84
4016,241.43
4016,236.15
4017,230.28
4018,224.83
4019,219.83
4020,217.17
4021,213.92
4021,211.27
4022,207.5
4023,205.08
4024,202.08
4025,200.18
4026,198.31
4026,195.06
4027,193.23
4028,190.05
4029,184.22
4030,176.58
4031,172.19
4031,168.76
4032,164.12
4033,159.77
4034,155.89
4035,151.81
4036,148.23
4036,144.97
4037,141.3
4038,137.11
4039,134.22
4040,131.07
4040,127.07
4041,123.68
4042,120.1
4043,116.33
4044,112.83
4045,109.87
4045,105.93
4046,103.16
4047,99.77
4048,96.27
4049,92.18
4050,89.84
4050,87.54
4051,84.78
4052,80.88
4053,77.14
4054,74.12
4055,70.07
4055,67.61
4056,64.76
4057,63.05
4058,60.81
4059,58.11
4100,56.17
4100,54.09
4101,51.76
4102,50.35
4103,49.2
4104,47.97
4105,46.91
4105,50.27
4106,52.08
4107,144.18
4108,177.67
4109,169.68
4109,164.78
4110,166.82
4111,182.82
4112,182.33
4113,184.71
4114,188.85
4114,197.1
4115,206.12
4116,213.47
4117,217.32
4118,222.34
4119,225.5
4119,226.44
4120,229.06
4121,246.3
4122,251.11
4123,236.01
4124,225.4
4124,212.4
4125,201.4
4126,190.42
4127,180.71
4128,171.5
4129,164.3
4129,156.21
4130,149.62
4131,142.97
4132,137.11
4133,137.19
4133,135.12
4134,136.55
4135,130.35
4136,123.33
4137,117.86
4138,113.57
4138,108.55
4139,103.24
4140,98.72
4141,95.01
4142,90.12
4143,86.3
4143,82.73
4144,79.81
4145,77.28
4146,75.37
4147,71.72
4148,68.95
4148,66.59
4149,63.8
4150,61.79
4151,59.54
4152,57.74
4153,55.83
4153,55.63
4154,53.86
4155,52.32
4156,51.08
4157,49.35
4158,47.23
4158,45.45
4159,44.28
4200,42.54
4201,41.79
4202,40.8
4202,40.15
4203,39.42
4204,38.81
4205,38.3
4206,37.49
4207,37.21
4207,37.03
4208,36.04
4209,35.58
4210,35.23
4211,34.67
4212,34.27
4212,33.99
4213,33.24
4214,32.92
4215,32.34
4216,31.8
4217,31.38
4217,31.27
4218,30.57
4219,30.28
4220,30.5
4221,29.54
4222,29.27
4222,28.92
4223,28.69
4224,28.54
4225,28.24
4226,27.98
4226,27.94
4227,27.63
4228,27.42
4229,27.12
4230,26.78
4231,26.7
4231,26.55
4232,26.21
4233,25.99
4234,26.29
4235,25.59
4236,25.34
4236,25.23
4237,25.02
4238,24.98
4239,24.5
4240,24.18
4241,24.18
4241,25.49
4242,26.09
4243,26.24
4244,25.04
4245,24.45
4246,24.21
4246,24.18
4247,23.73
4248,23.7
4249,23.53
4250,23.14
4250,23.27
4251,23.58
4252,24.22
4253,23.99
4254,23.84
4255,23.32
4255,23.18
4256,22.74
4257,22.55
4258,22.43
4259,22.43
4300,22.08
4300,22.26
4301,22.09
4302,21.99
4303,21.78
4304,21.88
4305,21.69
4305,21.86
4306,21.61
4307,21.65
4308,21.58
4309,20.64
4310,20.87
4310,20.36
4311,20.27
4312,20.18
4313,20.35
4314,20.15
4315,20.22
4315,20.82
4316,20.76
4317,20.59
4318,20.62
4319,20.29
4319,20.32
4320,19.98
4321,20.02
4322,19.85
4323,19.62
4324,19.68
4324,19.59
4325,19.79
4326,19.56
4327,19.69
4328,19.44
4329,19.89
4329,20.51
4330,20.14
4331,20.15
4332,19.83
4333,19.53
4334,19.33
4334,19.35
4335,19.2
4336,19.49
4337,19.28
4338,19.37
4339,19.31
4339,19.46
4340,19.5
4341,28.23
4342,24.51
4343,24.17
4343,22.38
4344,28.78
4345,27.94
4346,26.61
4347,25.64
4348,25.24
4348,25
4349,25.05
4350,24.86
4351,25.02
4352,24.92
4353,24.77
4353,25
4354,24.62
4355,24.67
4356,24.53
4357,24.91
4358,24.91
4358,24.05
4359,24.27
4400,24.37
4401,24.63
4402,24.53
4403,24.49
4403,24.28
4404,24.3
4405,24.21
4406,24.23
4407,24.14
4408,24.06
4408,23.7
4409,23.78
4410,23.81
4411,23.56
4412,23.73
4412,23.38
4413,23.4
4414,23.26
4415,23.28
4416,22.95
4417,23.27
4417,23.22
4418,23.24
4419,23.4
4420,23.18
4421,23.13
4422,23.17
4422,23.21
4423,22.99
4424,23.19
4425,23.09
4426,23.2
4427,22.93
4427,22.92
4428,22.75
4429,22.96
4430,22.73
4431,22.89
4432,22.84
4432,22.57
4433,22.61
4434,22.59
4435,22.65
4436,22.61
4437,22.54
4437,22.49
4438,22.26
4439,22.51
4440,22.29
4441,22.41
4441,22.57
4442,22.25
4443,22.81
4444,22.61
4445,22.54
4446,22.8
4446,22.59
4447,22.43
4448,22.49
4449,22.38
4450,22.34
4451,22.33
4451,22.15
4452,22.04
4453,22.11
4454,22.23
4455,22.28
4456,22.16
4456,22.19
4457,22.04
4458,22.09
4459,22.16
4500,22.15
4501,21.96
4501,21.97
4502,22.02
4503,22.15
4504,22
4505,22.17
4505,22.28
4506,22.17
4507,22.15
4508,22.26
4509,22.5
4510,22.28
4510,22.35
4511,22.35
4512,22.15
4513,22.48
4514,22.23
4515,22.05
4515,22.2
4516,22.14
4517,21.96
4518,22.08
4519,22.09
4520,22.02
4520,22.03
4521,21.96
4522,21.99
4523,22.04
4524,21.81
4525,21.9
4525,21.94
4526,21.99
4527,21.83
4528,21.86
4529,21.79
4530,21.71
4530,21.64
4531,21.61
4532,21.73
4533,21.69
4534,21.75
4534,21.57
4535,21.56
4536,21.56
4537,21.5
4538,21.41
4539,21.3
4539,21.44
4540,21.38
4541,21.57
4542,21.12
4543,21.31
4544,21.18
4544,21.2
4545,21.36
4546,21.22
4547,21.18
4548,21.13
4549,21.05
4549,21.09
4550,21.3
4551,20.92
4552,21.1
4553,21.09
4554,21.02
4554,21.12
4555,20.88
4556,20.96
4557,21.01
4558,20.88
4558,20.73
4559,20.99
4600,20.99
4601,20.75
4602,20.77
4603,20.78
4603,20.84
4604,20.67
4605,20.63
4606,20.56
4607,20.6
4608,20.66
4608,20.47
4609,20.65
4610,20.59
4611,20.37
4612,20.52
4613,20.58
4613,20.33
4614,20.56
4615,20.4
4616,20.32
4617,20.37
4618,20.41
4618,20.21
4619,20.39
4620,19.72
4621,19.86
4622,19.99
4623,19.88
4623,19.96
4624,19.74
4625,19.74
4626,19.68
4627,19.85
4627,19.78
4628,19.74
4629,19.71
4630,19.67
4631,19.76
4632,19.64
4632,19.74
4633,19.77
4634,19.69
4635,19.58
4636,19.88
4637,19.74
4637,19.65
4638,19.44
4639,19.49
4640,19.45
4641,19.51
4642,19.47
4642,19.44
4643,19.63
4644,19.51
4645,19.57
4646,19.43
4647,19.54
4647,19.43
4648,19.65
4649,19.75
4650,19.56
4651,19.69
4651,19.48
4652,19.56
4653,19.59
4654,19.72
4655,19.57
4656,19.61
4656,19.49
4657,19.49
4658,19.58
4659,19.42
4700,19.29
4701,19.58
4701,19.4
4702,19.5
4703,19.52
4704,19.16
4705,19.3
4706,19.51
4706,19.46
4707,19.29
4708,19.29
4709,19.42
4710,19.26
4711,19.39
4711,19.35
4712,19.33
4713,19.28
4714,19.3
4715,19.24
4716,19.19
4716,19.09
4717,19.18
4718,19.17
4719,19.14
4720,19.1
4720,19.17
4721,19.34
4722,19.22
4723,19.42
4724,19.13
4725,19.3
4725,19.42
4726,19.09
4727,19.2
4728,19.09
4729,19.04
4730,19.21
4730,19.18
4731,19.12
4732,19.13
4733,19.06
4734,19.15
4735,19.11
4735,19.15
4736,18.92
4737,19.23
4738,18.94
4739,18.85
4740,19
4740,19.17
4741,18.89
4742,19.05
4743,18.92
4744,18.98
4744,18.89
4745,18.87
4746,19.07
4747,18.9
4748,18.83
4749,18.83
4749,18.89
4750,18.58
4751,18.74
4752,18.88
4753,18.96
4754,18.96
4754,18.81
4755,18.85
4756,18.8
4757,18.76
4758,18.79
4759,18.96
4759,18.79
4800,18.73
4801,18.73
4802,18.9
4803,18.79
4804,18.84
4804,18.82
4805,18.82
4806,18.87
4807,18.67
4808,18.65
4809,18.79
4809,18.65
4810,18.71
4811,18.74
4812,18.7
4813,18.69
4813,18.66
4814,18.71
4815,18.65
4816,18.66
4817,18.65
4818,18.54
4818,18.55
4819,18.7
4820,18.44
4821,18.58
4822,18.55
4823,18.35
4823,18.44
4824,18.49
4825,18.7
4826,18.52
4827,18.55
4828,18.39
4828,18.42
4829,18.6
4830,18.72
4831,18.54
4832,18.47
4833,18.52
4833,18.34
4834,18.39
4835,18.4
4836,18.42
4837,18.5
4837,18.19
4838,18.36
4839,18.42
4840,18.37
4841,18.41
4842,18.33
4842,18.36
4843,18.43
4844,18.4
4845,18.25
4846,18.38
4847,18.34
4847,18.34
4848,18.24
4849,18.39
4850,18.37
4851,18.32
4852,18.25
4852,18.19
4853,18.39
4854,18.31
4855,18.09
4856,18.44
4857,18.19
4857,18.13
4858,18.23
4859,18.28
4900,18.26
4901,18.26
4902,18.19
4902,18.28
4903,18.26
4904,18.26
4905,18.29
4906,18.19
4906,18.24
4907,18.25
4908,18.27
4909,18.34
4910,18.22
4911,18.23
4911,18.19
4912,18.09
4913,18.22
4914,18.07
4915,18.13
4916,18.26
4916,18.1
4917,18.14
4918,18.29
4919,18.14
4920,18.08
4921,18.23
4921,18.13
4922,18.23
4923,18.16
4924,18.12
4925,18.08
4926,18.11
4926,18.13
4927,18.07
4928,18.03
4929,18.03
4930,17.89
4930,18.08
4931,17.91
4932,18.05
4933,18.12
4934,18.01
4935,17.95
4935,17.95
4936,18.09
4937,17.88
4938,17.87
4939,17.86
4940,18.07
4940,17.96
4941,18.05
4942,17.98
4943,17.95
4944,17.82
4945,17.83
4945,17.87
4946,17.99
4947,17.86
4948,18
4949,18.08
4950,17.99
4950,18.02
4951,17.95
4952,18.02
4953,17.91
4954,17.94
4955,17.96
4955,17.99
4956,17.9
4957,17.9
4958,17.77
4959,17.87
4959,17.93
5000,17.75
5001,17.98
5002,17.85
5003,17.8
5004,17.82
5004,17.82
5005,17.87
5006,17.82
5007,17.8
5008,17.64
5009,17.86
5009,17.79
5010,17.73
5011,17.85
5012,17.86
5013,17.75
5014,17.84
5014,17.86
5015,17.82
5016,17.84
5017,17.71
5018,17.82
5019,17.66
5019,17.66
5020,17.77
5021,17.79
5022,17.71
5023,17.83
5024,17.94
5024,17.92
5025,17.76
5026,17.61
5027,17.57
5028,17.74
5028,17.87
5029,17.73
5030,17.78
5031,18.01
5032,17.75
5033,17.73
5033,17.72
5034,17.74
5035,17.54
5036,17.58
5037,17.67
5038,17.8
5038,17.72
5039,17.66
5040,17.67
5041,17.66
5042,17.71
5043,17.6
5043,17.69
5044,17.7
5045,17.5
5046,17.71
5047,17.65
5048,17.66
5048,17.64
5049,17.57
5050,17.48
5051,17.71
5052,17.57
5052,17.7
5053,17.72
5054,17.71
5055,17.63
5056,17.71
5057,17.7
5057,17.83
5058,17.84
5059,17.71
5100,17.65
5101,17.68
5102,17.68
5102,17.67
5103,17.61
5104,17.62
5105,17.32
5106,17.49
5107,17.54
5107,17.56
5108,17.59
5109,17.46
5110,17.59
5111,17.52
5112,17.59
5112,17.48
5113,17.52
5114,17.54
5115,17.58
5116,17.44
5117,17.45
5117,17.6
5118,17.46
5119,17.39
5120,17.47
5121,17.54
5121,17.56
5122,17.57
5123,17.48
5124,17.44
5125,17.38
5126,17.52
5126,17.49
5127,17.39
5128,17.33
5129,17.43
5130,17.46
5131,17.43
5131,17.41
5132,17.38
5133,17.52
5134,17.46
5135,17.43
5136,17.67
5136,17.35
5137,17.4
5138,17.34
5139,17.53
5140,17.45
5141,17.4
5141,17.61
5142,17.51
5143,17.44
5144,17.33
5145,17.56
5145,17.32
5146,17.4
5147,17.33
5148,17.28
5149,17.38
5150,17.3
5150,17.43
5151,17.24
5152,17.4
5153,17.35
5154,17.33
5155,17.46
5155,17.39
5156,17.39
5157,17.46
5158,17.39
5159,17.35
5200,17.36
5200,17.41
5201,17.42
5202,17.26
5203,17.4
5204,17.51
5205,17.41
5205,17.32
5206,17.36
5207,17.36
5208,17.21
5209,17.29
5210,17.2
5210,17.25
5211,17.42
5212,17.23
5213,17.07
5214,17.16
5214,17.24
5215,17.23
5216,17.27
5217,17.3
5218,17.17
5219,17.19
5219,17.3
5220,17.18
5221,17.21
5222,17.05
5223,17.17
5224,17.08
5224,17.24
5225,17.28
5226,17.22
5227,17.36
5228,17.16
5229,17.18
5229,17.01
5230,17.22
5231,17.16
5232,17.23
5233,17.2
5234,17.18
5234,17.29
5235,17.04
5236,17.12
5237,17.14
5238,17.19
5238,17.09
5239,17.1
5240,17.11
5241,17.26
5242,17.36
5243,17.21
5243,17.28
5244,17.4
5245,17.29
5246,17.35
5247,17.27
5248,17.28
5248,17.2
5249,17.22
5250,17.16
5251,17.2
5252,17.07
5253,17.05
5253,17.08
5254,17.19
5255,17.12
5256,17.19
5257,17.19
5258,17.16
5258,17.05
5259,17.31
5300,17.07
5301,17.23
5302,17.08
5303,17.09
5303,17.04
5304,17.01
5305,16.96
5306,16.95
5307,17.14
5307,16.99
5308,17.01
5309,17.06
5310,17.04
5311,17.18
5312,17.07
5312,16.93
5313,16.78
5314,16.91
5315,16.9
5316,17.04
5317,16.87
5317,17
5318,17.03
5319,16.92
5320,16.89
5321,16.9
5322,16.87
5322,16.89
5323,16.93
5324,16.77
5325,16.72
5326,16.61
5327,16.82
5327,16.72
5328,16.69
5329,16.67
5330,16.77
5331,16.88
5332,16.94
5332,16.68
5333,16.84
5334,16.74
5335,16.6
5336,16.81
5336,16.74
5337,16.85
5338,16.74
5339,16.82
5340,16.83
5341,16.63
5341,16.83
5342,16.67
5343,16.61
5344,16.58
5345,16.61
5346,16.82
5346,16.9
5347,16.81
5348,16.93
5349,16.88
5350,16.87
5351,16.97
5351,16.91
5352,16.91
5353,16.82
5354,16.79
5355,16.97
5356,16.81
5356,16.75
5357,16.64
5358,16.91
5359,16.8
5400,16.75
5400,16.77
5401,16.73
5402,16.81
5403,16.63
5404,16.66
5405,16.65
5405,16.72
5406,16.72
5407,16.65
5408,16.63
5409,16.72
5410,16.73
5410,16.72
5411,16.69
5412,16.81
5413,16.77
5414,16.58
5415,16.68
5415,16.64
5416,16.59
5417,16.78
5418,16.68
5419,16.79
5420,16.61
5420,16.74
5421,16.67
5422,16.42
5423,16.69
5424,16.76
5425,16.64
5425,16.67
5426,16.67
5427,16.64
5428,16.63
5429,16.56
5429,16.41
5430,16.67
5431,16.55
5432,16.74
5433,16.64
5434,16.67
5434,16.6
5435,16.44
5436,16.54
5437,16.61
5438,16.54
5439,16.79
5439,16.47
5440,16.57
5441,16.55
5442,16.4
5443,16.6
5444,16.68
5444,16.52
5445,16.55
5446,16.39
5447,16.56
5448,16.44
5449,16.52
5449,16.42
5450,16.51
5451,16.48
5452,16.58
5453,16.48
5453,16.52
5454,16.44
5455,16.35
5456,16.46
5457,16.44
5458,16.49
5458,16.47
5459,16.47
5500,16.48
5501,16.38
5502,16.53
5503,16.49
5503,16.46
5504,16.58
5505,16.49
5506,16.59
5507,16.48
5508,16.68
5508,16.52
5509,16.52
5510,16.6
5511,16.68
5512,16.52
5513,16.43
5513,16.66
5514,16.46
5515,16.41
5516,16.48
5517,16.51
5518,16.4
5518,16.68
5519,16.59
5520,16.53
5521,16.42
5522,16.42
5522,16.59
5523,16.36
5524,16.35
5525,16.44
5526,16.41
5527,16.49
5527,16.35
5528,16.54
5529,16.49
5530,16.38
5531,16.47
5532,16.57
5532,16.47
5533,16.34
5534,16.55
5535,16.38
5536,16.45
5537,16.46
5537,16.36
5538,16.56
5539,16.56
5540,16.22
5541,16.32
5542,16.34
5542,16.31
5543,16.48
5544,16.48
5545,16.29
5546,16.31
5547,16.34
5547,16.2
5548,16.54
5549,16.35
5550,16.43
5551,16.34
5551,16.33
5552,16.33
5553,16.32
5554,16.25
5555,16.34
5556,16.28
5556,16.27
5557,16.48
5558,16.27
5559,16.34
5600,16.48
5601,16.42
5601,16.45
5602,16.3
5603,16.31
5604,16.29
5605,16.28
5606,16.17
5606,16.14
5607,16.23
5608,16.36
5609,16.37
5610,16.24
5611,16.29
5611,16.28
5612,16.27
5613,16.38
5614,16.47
5615,16.34
5615,16.33
5616,16.39
5617,16.42
5618,16.51
5619,16.13
5620,16.35
5620,16.31
5621,16.33
5622,16.35
5623,16.49
5624,16.22
5625,16.28
5625,16.37
5626,16.47
5627,16.44
5628,16.4
5629,16.43
5630,16.48
5630,16.38
5631,16.6
5632,16.5
5633,16.34
5634,16.39
5635,16.39
5635,16.44
5636,16.41
5637,16.45
5638,16.55
5639,16.36
5640,16.44
5640,16.47
5641,16.49
5642,16.61
5643,16.42
5644,16.48
5644,16.34
5645,16.4
5646,16.39
5647,16.41
5648,16.34
5649,16.27
5649,16.6
5650,16.39
5651,16.52
5652,16.31
5653,16.28
5654,16.44
5654,16.46
5655,16.4
5656,16.41
5657,16.54
5658,16.35
5659,16.46
5659,16.3
5700,16.37
5701,16.22
5702,16.46
5703,16.25
5704,16.35
5704,16.38
5705,16.23
5706,16.3
5707,16.32
5708,16.36
5708,16.45
5709,16.51
5710,16.38
5711,16.42
5712,16.44
5713,16.3
5713,16.34
5714,16.43
5715,16.44
5716,16.39
5717,16.53
5718,16.52
5718,16.56
5719,16.58
5720,16.35
5721,16.34
5722,16.57
5723,16.5
5723,16.53
5724,16.45
5725,16.47
5726,16.55
5727,16.45
5728,16.4
5728,16.52
5729,16.55
5730,16.36
5731,16.4
5732,16.4
5733,16.35
5733,16.53
5734,16.3
5735,16.33
5736,16.46
5737,16.4
5737,16.47
5738,16.3
5739,16.33
5740,16.31
5741,16.54
5742,16.38
5742,16.34
5743,16.26
5744,16.56
5745,16.39
5746,16.29
5747,16.23
5747,16.22
5748,16.22
5749,16.22
5750,16.09
5751,16.2
5752,16.46
5752,16.37
5753,16.32
5754,16.26
5755,16.26
5756,16.32
5757,16.03
5757,16.31
5758,16.29
5759,16.31
5800,16.28
5801,16.21
5801,16.31
5802,16.26
5803,16.42
5804,16.32
5805,16.33
5806,16.18
5806,16.1
5807,16.32
5808,16.28
5809,16.16
5810,16.02
5811,16.11
5811,16.25
5812,16.44
5813,16.15
5814,16.26
5815,16.38
5816,16.05
5816,16.14
5817,16.25
5818,16.37
5819,16.02
5820,16.25
5821,16.22
5821,16.19
5822,16.12
5823,16.17
5824,16.16
5825,16.14
5826,16.13
5826,16.29
5827,16.13
5828,16.32
5829,16.34
5830,16.25
5830,16.38
5831,16.21
5832,16.22
5833,16.32
5834,16.3
5835,16.34
5835,16.46
5836,16.46
5837,16.37
5838,16.3
5839,16.2
5840,16.27
5840,16.27
5841,16.39
5842,16.29
5843,16.37
5844,16.39
5845,16.55
5845,16.44
5846,16.37
5847,16.57
5848,16.51
5849,16.37
5850,16.23
5850,16.37
5851,16.5
5852,16.31
5853,16.42
5854,16.29
5854,16.25
5855,16.24
5856,16.46
5857,16.29
5858,16.34
5859,16.37
5859,16.32
5900,16.36
5901,16.51
5902,16.36
5903,16.47
5904,16.37
5904,16.33
5905,16.48
5906,16.43
5907,16.42
5908,16.48
5909,16.26
5909,16.5
5910,16.4
5911,16.52
5912,16.43
5913,16.43
5914,16.57
5914,16.21
5915,16.37
5916,16.47
5917,16.34
5918,16.25
5919,16.26
5919,16.35
5920,16.51
5921,16.24
5922,16.36
5923,16.53
5923,16.5
5924,16.36
5925,16.62
5926,16.48
5927,16.61
5928,16.53
5928,16.41
5929,16.41
5930,16.38
5931,16.53
5932,16.59
5933,16.36
5933,16.34
5934,16.57
5935,16.35
5936,16.47
5937,16.47
5938,16.54
5938,16.49
5939,16.59
5940,16.41
5941,16.53
5942,16.51
5943,16.45
5943,16.43
5944,16.47
5945,16.48
5946,16.25
5947,16.56
5948,16.5
5948,16.42
5949,16.38
5950,16.47
5951,16.42
5952,16.55
5952,16.48
5953,16.5
5954,16.45
5955,16.43
5956,16.51
5957,16.5
5957,16.34
5958,16.33
5959,16.38
10000,16.48
